Date,Text,Link,Media URL,Title,Label,Alt text(s),Comment(s),"Pin board, FB album, or Google category",Post subtype,CTA,Reminder
"2026/05/14 08:00","We poured everything into it. Three years, every penny, every ounce of effort.
And it hurt deeply to let it go.
Part 2 on Saturday.
#slowliving #walnuthill #historichome #lifeupdate #intentionalmotherhood #mossandmail","","Walnut Hill Part 1 (TikTok Video).mp4","","","Kayli talking to camera about selling their 1807 Ohio home — slow living life update intentional motherhood — Moss & Mail","","","Reel","",""
"2026/05/16 09:00","The beginning was an end. The end of trying to be something they weren't built for.

What they really wanted was mountains close. Community. The slow pace that only comes from living small and on purpose.

A lot of sacrifice. A lot of tears. Blood, even.

And now she can look out her window at mountains. And sit in a mountain stream with her kids.

Part 3 tomorrow.
#walnuthill #slowliving #lifeupdate #intentionalmotherhood #mountainliving #mossandmail","","Walnut Hill Part 2  (TikTok Video).mp4","","","Kayli talking about leaving Walnut Hill and choosing mountains and community — slow living life update intentional motherhood — Moss & Mail","","","Reel","",""
"2026/05/17 09:00","She changed my life.

As a mom, being outside is how she refills. It started with a podcast — 1,000 Hours Outside — and then it was a friendship she never saw coming.

When that friend moved away, it hurt. But before she left, she introduced her to something.

An outdoor adventure school. Five hours in nature. All the parents, gathered together.

And what they found there...

Part 4 tomorrow.
#walnuthill #slowliving #1000hoursoutside #naturemom #intentionalmotherhood #mossandmail","","walnut-hill-part3 (TikTok Video).mp4","","","Kayli talking about the friend who changed her life and the outdoor adventure school — 1000 hours outside slow living intentional motherhood — Moss & Mail","","","Reel","",""
"2026/05/18 08:00","What they found there — standing in that mountain school, surrounded by parents and kids just figuring it out together — was a gap.

A gap in knowledge. A gap in confidence. A gap in community for mamas who want to get outside with their kids and have no idea where to start.

She was there not that long ago. And now she wants to help fill it. She'll share as she learns.

Welcome. She is so glad you're here.
Letters open June 8 → mossandmail.com
#slowliving #intentionalmotherhood #1000hoursoutside #charlottemason #naturemom #mossandmail #outdoorkids","","Walnut Hill Part4 (TikTok Video).mp4","","","Kayli talking about the gap in community for mamas getting outside with kids and her mission to help fill it — intentional motherhood slow living 1000 hours outside — Moss & Mail","","","Reel","",""
